Workbook

Sheet Consolidado
A1: Nombre | B1: Email | C1: Ciencia | D1: IA | E1: Gráficas | F1: # Cursos | G1: Cursos | I1: Resumen
A2: Jorge velasquez | B2: jorgearmandovelasquezjara@gmail.com | C2: =IF(COUNTIF(ciencia!$B:$B,$B2)>0,"Sí","") -> Sí | D2: =IF(COUNTIF(ia!$B:$B,$B2)>0,"Sí","") | E2: =IF(COUNTIF(graficas!$B:$B,$B2)>0,"Sí","") | F2: =COUNTIF(C2:E2,"Sí") -> 1 | G2: =_xlfn.TEXTJOIN(", ",TRUE,IF(C2="Sí","Ciencia",""),IF(D2="Sí","IA",""),IF(E2="Sí","Gráficas","")) -> Ciencia | I2: Total personas únicas | J2: =COUNTA($B$2:$B$411) -> 410
A3: manuelortega26@gmail.com | B3: manuelortega26@gmail.com | C3: =IF(COUNTIF(ciencia!$B:$B,$B3)>0,"Sí","") -> Sí | D3: =IF(COUNTIF(ia!$B:$B,$B3)>0,"Sí","") | E3: =IF(COUNTIF(graficas!$B:$B,$B3)>0,"Sí","") | F3: =COUNTIF(C3:E3,"Sí") -> 1 | G3: =_xlfn.TEXTJOIN(", ",TRUE,IF(C3="Sí","Ciencia",""),IF(D3="Sí","IA",""),IF(E3="Sí","Gráficas","")) -> Ciencia | I3: En 1 curso | J3: =COUNTIF($F$2:$F$411,1) -> 350
A4: Alejandra | B4: alejandramcr7@gmail.com | C4: =IF(COUNTIF(ciencia!$B:$B,$B4)>0,"Sí","") -> Sí | D4: =IF(COUNTIF(ia!$B:$B,$B4)>0,"Sí","") | E4: =IF(COUNTIF(graficas!$B:$B,$B4)>0,"Sí","") | F4: =COUNTIF(C4:E4,"Sí") -> 1 | G4: =_xlfn.TEXTJOIN(", ",TRUE,IF(C4="Sí","Ciencia",""),IF(D4="Sí","IA",""),IF(E4="Sí","Gráficas","")) -> Ciencia | I4: En 2 cursos | J4: =COUNTIF($F$2:$F$411,2) -> 54
A5: Andrés Felipe Villadiego arteaga | B5: andresf.villadiego@gmail.com | C5: =IF(COUNTIF(ciencia!$B:$B,$B5)>0,"Sí","") -> Sí | D5: =IF(COUNTIF(ia!$B:$B,$B5)>0,"Sí","") -> Sí | E5: =IF(COUNTIF(graficas!$B:$B,$B5)>0,"Sí","") | F5: =COUNTIF(C5:E5,"Sí") -> 2 | G5: =_xlfn.TEXTJOIN(", ",TRUE,IF(C5="Sí","Ciencia",""),IF(D5="Sí","IA",""),IF(E5="Sí","Gráficas","")) -> Ciencia, IA | I5: En los 3 cursos | J5: =COUNTIF($F$2:$F$411,3) -> 6
A6: Lucy | B6: luucy.bg1010@gmail.com | C6: =IF(COUNTIF(ciencia!$B:$B,$B6)>0,"Sí","") -> Sí | D6: =IF(COUNTIF(ia!$B:$B,$B6)>0,"Sí","") | E6: =IF(COUNTIF(graficas!$B:$B,$B6)>0,"Sí","") | F6: =COUNTIF(C6:E6,"Sí") -> 1 | G6: =_xlfn.TEXTJOIN(", ",TRUE,IF(C6="Sí","Ciencia",""),IF(D6="Sí","IA",""),IF(E6="Sí","Gráficas","")) -> Ciencia
A7: Eduardo Victor Garcia Saravia | B7: eduardogs_27@hotmail.com | C7: =IF(COUNTIF(ciencia!$B:$B,$B7)>0,"Sí","") -> Sí | D7: =IF(COUNTIF(ia!$B:$B,$B7)>0,"Sí","") | E7: =IF(COUNTIF(graficas!$B:$B,$B7)>0,"Sí","") | F7: =COUNTIF(C7:E7,"Sí") -> 1 | G7: =_xlfn.TEXTJOIN(", ",TRUE,IF(C7="Sí","Ciencia",""),IF(D7="Sí","IA",""),IF(E7="Sí","Gráficas","")) -> Ciencia
A8: Ariel Escalante | B8: ariel592@hotmail.com | C8: =IF(COUNTIF(ciencia!$B:$B,$B8)>0,"Sí","") -> Sí | D8: =IF(COUNTIF(ia!$B:$B,$B8)>0,"Sí","") -> Sí | E8: =IF(COUNTIF(graficas!$B:$B,$B8)>0,"Sí","") | F8: =COUNTIF(C8:E8,"Sí") -> 2 | G8: =_xlfn.TEXTJOIN(", ",TRUE,IF(C8="Sí","Ciencia",""),IF(D8="Sí","IA",""),IF(E8="Sí","Gráficas","")) -> Ciencia, IA
A9: Juan Alexander | B9: juanescalante.mc@gmail.com | C9: =IF(COUNTIF(ciencia!$B:$B,$B9)>0,"Sí","") -> Sí | D9: =IF(COUNTIF(ia!$B:$B,$B9)>0,"Sí","") -> Sí | E9: =IF(COUNTIF(graficas!$B:$B,$B9)>0,"Sí","") | F9: =COUNTIF(C9:E9,"Sí") -> 2 | G9: =_xlfn.TEXTJOIN(", ",TRUE,IF(C9="Sí","Ciencia",""),IF(D9="Sí","IA",""),IF(E9="Sí","Gráficas","")) -> Ciencia, IA
A10: ANTENOR JOSE PRENT RAMIREZ | B10: prent3838@gmail.com | C10: =IF(COUNTIF(ciencia!$B:$B,$B10)>0,"Sí","") -> Sí | D10: =IF(COUNTIF(ia!$B:$B,$B10)>0,"Sí","") | E10: =IF(COUNTIF(graficas!$B:$B,$B10)>0,"Sí","") | F10: =COUNTIF(C10:E10,"Sí") -> 1 | G10: =_xlfn.TEXTJOIN(", ",TRUE,IF(C10="Sí","Ciencia",""),IF(D10="Sí","IA",""),IF(E10="Sí","Gráficas","")) -> Ciencia
A11: dayana sepulveda | B11: dayasesa82@gmail.com | C11: =IF(COUNTIF(ciencia!$B:$B,$B11)>0,"Sí","") -> Sí | D11: =IF(COUNTIF(ia!$B:$B,$B11)>0,"Sí","") | E11: =IF(COUNTIF(graficas!$B:$B,$B11)>0,"Sí","") | F11: =COUNTIF(C11:E11,"Sí") -> 1 | G11: =_xlfn.TEXTJOIN(", ",TRUE,IF(C11="Sí","Ciencia",""),IF(D11="Sí","IA",""),IF(E11="Sí","Gráficas","")) -> Ciencia
A12: juan david torres galindo | B12: juandavidtorresgalindo829@gmail.com | C12: =IF(COUNTIF(ciencia!$B:$B,$B12)>0,"Sí","") -> Sí | D12: =IF(COUNTIF(ia!$B:$B,$B12)>0,"Sí","") | E12: =IF(COUNTIF(graficas!$B:$B,$B12)>0,"Sí","") | F12: =COUNTIF(C12:E12,"Sí") -> 1 | G12: =_xlfn.TEXTJOIN(", ",TRUE,IF(C12="Sí","Ciencia",""),IF(D12="Sí","IA",""),IF(E12="Sí","Gráficas","")) -> Ciencia
A13: Carol Pomares | B13: carolpomarescorredor@yahoo.es | C13: =IF(COUNTIF(ciencia!$B:$B,$B13)>0,"Sí","") -> Sí | D13: =IF(COUNTIF(ia!$B:$B,$B13)>0,"Sí","") | E13: =IF(COUNTIF(graficas!$B:$B,$B13)>0,"Sí","") | F13: =COUNTIF(C13:E13,"Sí") -> 1 | G13: =_xlfn.TEXTJOIN(", ",TRUE,IF(C13="Sí","Ciencia",""),IF(D13="Sí","IA",""),IF(E13="Sí","Gráficas","")) -> Ciencia
A14: Sandra Milena Rodríguez Bernal | B14: milerobe@gmail.com | C14: =IF(COUNTIF(ciencia!$B:$B,$B14)>0,"Sí","") -> Sí | D14: =IF(COUNTIF(ia!$B:$B,$B14)>0,"Sí","") | E14: =IF(COUNTIF(graficas!$B:$B,$B14)>0,"Sí","") | F14: =COUNTIF(C14:E14,"Sí") -> 1 | G14: =_xlfn.TEXTJOIN(", ",TRUE,IF(C14="Sí","Ciencia",""),IF(D14="Sí","IA",""),IF(E14="Sí","Gráficas","")) -> Ciencia
A15: Luis Fernando Sanchez Florez | B15: lfersan@gmail.com | C15: =IF(COUNTIF(ciencia!$B:$B,$B15)>0,"Sí","") -> Sí | D15: =IF(COUNTIF(ia!$B:$B,$B15)>0,"Sí","") | E15: =IF(COUNTIF(graficas!$B:$B,$B15)>0,"Sí","") | F15: =COUNTIF(C15:E15,"Sí") -> 1 | G15: =_xlfn.TEXTJOIN(", ",TRUE,IF(C15="Sí","Ciencia",""),IF(D15="Sí","IA",""),IF(E15="Sí","Gráficas","")) -> Ciencia
A16: Julian Andres Correa Vera | B16: juliancorrea386@gmail.com | C16: =IF(COUNTIF(ciencia!$B:$B,$B16)>0,"Sí","") -> Sí | D16: =IF(COUNTIF(ia!$B:$B,$B16)>0,"Sí","") | E16: =IF(COUNTIF(graficas!$B:$B,$B16)>0,"Sí","") | F16: =COUNTIF(C16:E16,"Sí") -> 1 | G16: =_xlfn.TEXTJOIN(", ",TRUE,IF(C16="Sí","Ciencia",""),IF(D16="Sí","IA",""),IF(E16="Sí","Gráficas","")) -> Ciencia
A17: DANIEL PAJOY | B17: daniel@unicauca.edu.co | C17: =IF(COUNTIF(ciencia!$B:$B,$B17)>0,"Sí","") -> Sí | D17: =IF(COUNTIF(ia!$B:$B,$B17)>0,"Sí","") | E17: =IF(COUNTIF(graficas!$B:$B,$B17)>0,"Sí","") | F17: =COUNTIF(C17:E17,"Sí") -> 1 | G17: =_xlfn.TEXTJOIN(", ",TRUE,IF(C17="Sí","Ciencia",""),IF(D17="Sí","IA",""),IF(E17="Sí","Gráficas","")) -> Ciencia
... A411: Susana Morales | B411: susanamoralesar@gmail.com | C411: =IF(COUNTIF(ciencia!$B:$B,$B411)>0,"Sí","") | D411: =IF(COUNTIF(ia!$B:$B,$B411)>0,"Sí","") | E411: =IF(COUNTIF(graficas!$B:$B,$B411)>0,"Sí","") -> Sí | F411: =COUNTIF(C411:E411,"Sí") -> 1 | G411: =_xlfn.TEXTJOIN(", ",TRUE,IF(C411="Sí","Ciencia",""),IF(D411="Sí","IA",""),IF(E411="Sí","Gráficas","")) -> Gráficas

Sheet ciencia
A1: name | B1: email
A2: Jorge velasquez | B2: jorgearmandovelasquezjara@gmail.com
A3: manuelortega26@gmail.com | B3: manuelortega26@gmail.com
A4: Alejandra | B4: alejandramcr7@gmail.com
A5: Andrés Felipe Villadiego arteaga | B5: andresf.villadiego@gmail.com
A6: Lucy | B6: luucy.bg1010@gmail.com
A7: Eduardo Victor Garcia Saravia | B7: eduardogs_27@hotmail.com
A8: Ariel Escalante | B8: ariel592@hotmail.com
A9: Juan Alexander | B9: juanescalante.mc@gmail.com
A10: ANTENOR JOSE PRENT RAMIREZ | B10: prent3838@gmail.com
A11: dayana sepulveda | B11: dayasesa82@gmail.com
A12: juan david torres galindo | B12: juandavidtorresgalindo829@gmail.com
... A304: Kelvin J Cabrera | B304: kjrcabrera@gmail.com

Sheet ia
A1: name | B1: email
A2: Camilo andres Chacon moreno | B2: cami2005.cm@gmail.com
A3: Angelica Ricardo | B3: angyricar@yahoo.com
A4: RICARDO GÓMEZ SUÁREZ | B4: r.gomezsu@gmail.com
A5: Melina | B5: milericar2018@gmail.com
A6: VICTORIA INÉS SOTO OSPINO | B6: kioratravel@gmail.com
A7: Michael Vanoy | B7: mvanoy17@uan.edu.co
A8: Helena Patricia Luna Serpa | B8: helena.corporativo87@gmail.com
A9: Denise Hernandez | B9: denise.hernandez.gonzalez@gmail.com
A10: Eduin Culma | B10: tomorro91@gmail.com
A11: Randy Triana | B11: trianarandy@gmail.com
A12: Eduardo | B12: eduardotovarmurcia@gmail.com
... A102: Oscar Ivan Vargas Pineda | B102: opvargas23@gmail.com

Sheet graficas
A1: name | B1: email
A2: Wendys Blanco | B2: wendyblanco65@gmail.com
A3: Jefferson Velasquez | B3: jefferson.velasquez.rojas@unillanos.edu.co
A4: NELSON QUEVEDO | B4: nmqe1970@gmail.com
A5: william montes chamorro | B5: williammonteschamorro@gmail.com
A6: Daniela Garcia Jimenez | B6: danielagarciajimenez107@outlook.com
A7: Dania Faisuly Gaitan Godoy | B7: dania.gaitan.godoy@unillanos.edu.co
A8: Luisa Fernanda Fajardo | B8: luisafajardog.28@gmail.com
A9: Denise Hernandez | B9: denise.hernandez.gonzalez@gmail.com
A10: Alejandro Jaramillo | B10: ajaramillolaverde@gmail.com
A11: Alejandro Barrera Escobar | B11: alejo_barrera211@hotmail.com
A12: Octavio Ramos cerpa | B12: octavioramoscerpa@gmail.com
... A73: Susana Morales | B73: susanamoralesar@gmail.com
