Workbook

Sheet curso
A1: Nombre | B1: Email | C1: Enlace
A2: Julian Andrés Pérez Ortega | B2: jperezmaster2998@gmail.com | C2: preinscritos
A3: Gabriela Ojcius | B3: gabriela.ojcius.bi@gmail.com | C3: preinscritos
A4: moises paquiyauri huillcas | B4: paquiyaurihuillcas24@gmail.com | C4: preinscritos
A5: Estefanía Piñeros Parra | B5: estefaniap2007@gmail.com | C5: preinscritos
A6: Jose David Bustos Quintero | B6: jdbustosqsig@gmail.com | C6: preinscritos
A7: Alejandra Cruz | B7: alejandramcr7@gmail.com | C7: preinscritos
A8: Jorge Velasquez | B8: jorgearmsndovelasquezjara@gmail.com | C8: preinscritos
A9: Darwin Mena Rentería | B9: ingemena2@gmail.com | C9: preinscritos
A10: Alejandro Barrera Escobar | B10: alejo_barrera211@hotmail.com | C10: preinscritos
A11: Nancy Giovanna Cocunubo | B11: kocknub@gmail.com | C11: preinscritos
A12: Alan Esteban Londoño Escudero | B12: alanescudero86@gmail.com | C12: preinscritos
... A60: Verónica Crespo | B60: vronika7923@gmail.com | C60: preinscritos

Sheet taller
A1: Nombre | B1: Email | C1: Estado
A2: Ricardo Ruiz Latorre | B2: ricardo.ruiz.latorre@gmail.com | C2: =IF(COUNTIF(curso!$B:$B,B2)>0,"En curso","Solo taller") -> Solo taller
A3: ALEJANDRO MOLINA CANO | B3: alemolinac@yahoo.es | C3: =IF(COUNTIF(curso!$B:$B,B3)>0,"En curso","Solo taller") -> En curso
A4: Laura Andrea Benegas Negri | B4: lbnegri@gmail.com | C4: =IF(COUNTIF(curso!$B:$B,B4)>0,"En curso","Solo taller") -> Solo taller
A5: Eduardo Carcamo Munguia | B5: cam.eduardo@gmail.com | C5: =IF(COUNTIF(curso!$B:$B,B5)>0,"En curso","Solo taller") -> En curso
A6: Carlos Lopez | B6: carlosdantemag@gmail.com | C6: =IF(COUNTIF(curso!$B:$B,B6)>0,"En curso","Solo taller") -> En curso
A7: Ariel Escalante | B7: ariel592@hotmail.com | C7: =IF(COUNTIF(curso!$B:$B,B7)>0,"En curso","Solo taller") -> Solo taller
A8: Estefanía Piñeros | B8: estefaniap2007@gmail.com | C8: =IF(COUNTIF(curso!$B:$B,B8)>0,"En curso","Solo taller") -> En curso
A9: Edith Sawyers Cabraca | B9: esawyersc@gmail.com | C9: =IF(COUNTIF(curso!$B:$B,B9)>0,"En curso","Solo taller") -> En curso
A10: Jose Rico | B10: jvrico@yahoo.com | C10: =IF(COUNTIF(curso!$B:$B,B10)>0,"En curso","Solo taller") -> Solo taller
A11: Jose Antonio | B11: jaosunita@gmail.com | C11: =IF(COUNTIF(curso!$B:$B,B11)>0,"En curso","Solo taller") -> En curso
A12: Cristina López | B12: cristinalopez576@gmail.com | C12: =IF(COUNTIF(curso!$B:$B,B12)>0,"En curso","Solo taller") -> En curso
A13: Genett Jimenez | B13: ingeisa@yahoo.com | C13: =IF(COUNTIF(curso!$B:$B,B13)>0,"En curso","Solo taller") -> Solo taller
... A71: Cecilia | B71: mariaceciliatopy@gmail.com | C71: =IF(COUNTIF(curso!$B:$B,B71)>0,"En curso","Solo taller") -> En curso
A72: Ritesh kumar | B72: ritesh7739128515@gmail.com
A73: Julian Andrés Pérez Ortega | B73: jperezmaster2998@gmail.com
A74: Pedro Luis Collazo Abreu | B74: pedrocollazo1988@gmail.com
A75: Veronica | B75: vronika7923@gmail.com
A76: Kely Hincapie | B76: kjhincapie6@gmail.com
A77: Luis Eduardo | B77: lriascos45@yahoo.es
A78: ANGEL RODRIGUEZ | B78: angelrodrich@gmail.com
A79: Mateo Agudelo | B79: amagudelo@unillanos.edu.co
A80: Andrés Felipe Villadiego arteaga | B80: andresf.villadiego@gmail.com
A81: Patt | B81: sadupa2@gmail.com
