Workbook

Sheet curso
A1: Nombre | B1: Email
A2: Julian Andrés Pérez Ortega | B2: jperezmaster2998@gmail.com
A3: Gabriela Ojcius | B3: gabriela.ojcius.bi@gmail.com
A4: Moises Paquiyauri Huillcas | B4: paquiyaurihuillcas24@gmail.com
A5: Estefanía Piñeros Parra | B5: estefaniap2007@gmail.com
A6: Jose David Bustos Quintero | B6: jdbustosqsig@gmail.com
A7: Alejandra Cruz | B7: alejandramcr7@gmail.com
A8: Jorge Velasquez | B8: jorgearmsndovelasquezjara@gmail.com
A9: Darwin Mena Rentería | B9: ingemena2@gmail.com
A10: Alejandro Barrera Escobar | B10: alejo_barrera211@hotmail.com
A11: Nancy Giovanna Cocunubo | B11: kocknub@gmail.com
A12: Alan Esteban Londoño Escudero | B12: alanescudero86@gmail.com
... A62: Carlos Lopez | B62: hector.londono@utp.edu.co

Sheet taller
A1: Nombre | B1: Email | C1: Estado
A2: Ricardo Ruiz Latorre | B2: ricardo.ruiz.latorre@gmail.com | C2: =IF(COUNTIF(curso!$B$2:$B$62,B2)>0,"Taller y curso","Solo taller") -> Solo taller
A3: Alejandro Molina Cano | B3: alemolinac@yahoo.es | C3: =IF(COUNTIF(curso!$B$2:$B$62,B3)>0,"Taller y curso","Solo taller") -> Taller y curso
A4: Laura Andrea Benegas Negri | B4: lbnegri@gmail.com | C4: =IF(COUNTIF(curso!$B$2:$B$62,B4)>0,"Taller y curso","Solo taller") -> Solo taller
A5: Eduardo Carcamo Munguia | B5: cam.eduardo@gmail.com | C5: =IF(COUNTIF(curso!$B$2:$B$62,B5)>0,"Taller y curso","Solo taller") -> Taller y curso
A6: Carlos Lopez | B6: carlosdantemag@gmail.com | C6: =IF(COUNTIF(curso!$B$2:$B$62,B6)>0,"Taller y curso","Solo taller") -> Taller y curso
A7: Ariel Escalante | B7: ariel592@hotmail.com | C7: =IF(COUNTIF(curso!$B$2:$B$62,B7)>0,"Taller y curso","Solo taller") -> Solo taller
A8: Estefanía Piñeros | B8: estefaniap2007@gmail.com | C8: =IF(COUNTIF(curso!$B$2:$B$62,B8)>0,"Taller y curso","Solo taller") -> Taller y curso
A9: Edith Sawyers Cabraca | B9: esawyersc@gmail.com | C9: =IF(COUNTIF(curso!$B$2:$B$62,B9)>0,"Taller y curso","Solo taller") -> Taller y curso
A10: Jose Rico | B10: jvrico@yahoo.com | C10: =IF(COUNTIF(curso!$B$2:$B$62,B10)>0,"Taller y curso","Solo taller") -> Solo taller
A11: Jose Antonio | B11: jaosunita@gmail.com | C11: =IF(COUNTIF(curso!$B$2:$B$62,B11)>0,"Taller y curso","Solo taller") -> Taller y curso
A12: Cristina López | B12: cristinalopez576@gmail.com | C12: =IF(COUNTIF(curso!$B$2:$B$62,B12)>0,"Taller y curso","Solo taller") -> Taller y curso
A13: Genett Jimenez | B13: ingeisa@yahoo.com | C13: =IF(COUNTIF(curso!$B$2:$B$62,B13)>0,"Taller y curso","Solo taller") -> Solo taller
... A84: Alberto Peralta | B84: aperalta@ups.edu.ec | C84: =IF(COUNTIF(curso!$B$2:$B$62,B84)>0,"Taller y curso","Solo taller") -> Solo taller
